{"cameraMode":{"drawMode":0,"name":"Shaded","section":"Shading Mode"},"sceneLighting":false,"audioPlay":false,"sceneViewState":{"m_AlwaysRefresh":false,"showFog":true,"showSkybox":false,"showFlares":true,"showImageEffects":true,"showParticleSystems":true,"showVisualEffectGraphs":true,"m_FxEnabled":true},"in2DMode":false,"pivot":{"x":0.13423222303390504,"y":0.085354745388031,"z":-0.05003786087036133},"rotation":{"x":-0.007036271505057812,"y":-0.9806840419769287,"z":0.1921665370464325,"w":-0.03591170161962509},"size":1.3206559419631959,"orthographic":false}